STORY 1,,
STEPID,ACTION,EXPRECTED RESULT
1,Włączam aplikacje,Ukazuje się erkan logowania
,,
STEPID,ACTION,EXPRECTED RESULT
1,Wpisuje login:testlogin i haslo:testhaslo klikam zaloguj (taki uzytkownik istnieje),Pojawia się ekran główny
,,
STEPID,ACTION,EXPRECTED RESULT
1,Wpisuje login:user@hotmail.com i hasło:abrakadabra,Pojawia się okno informujące podaniu błednego loginu lub hasła
,,
STEPID,ACTION,EXPRECTED RESULT
1,Wpisuje login i haslo nie istniejacego uzytkownika,Pojawia się okno informujące podaniu błednego loginu lub hasła
,,
STEPID,ACTION,EXPRECTED RESULT
1,Bez wpisania loginu i hasła klikam przycisk zaloguj,Pojawia się okno informujące podaniu błednego loginu lub hasła
STORY 2,,
STEPID,ACTION,EXPRECTED RESULT
1,Włączam aplikacje,Ukazuje się erkan logowania
2,Klikam na przycisk zarejestruj się,przechodzi do okna rejestracja
3,wpisuje login:user email:user@gmail.com hasło:user i klikam przycisk zarejestruj się,pojawia się ekran główny
,,
STEPID,ACTION,EXPRECTED RESULT
1,Włączam aplikacje,Ukazuje się erkan logowania
2,Klikam na przycisk zarejestruj się,przechodzi do okna rejestracja
3,wpisuje login:user email:user hasło:user22 i klikam przycisk zarejestruj się,pojawia się okno informujące o błednym emailu bądź haśle
,,
STEPID,ACTION,EXPRECTED RESULT
1,Włączam aplikacje,Ukazuje się erkan logowania
2,Klikam na przycisk zarejestruj się,przechodzi do okna rejestracja
3,wpisuje login:user email:user@gmail.com hasło:user i klikam przycisk zarejestruj się,pojawia się okno  informujące o błędnym emailu bądź haśle
,,
STEPID,ACTION,EXPRECTED RESULT
1,Włączam aplikacje,Ukazuje się erkan logowania
2,Klikam na przycisk zarejestruj się,przechodzi do okna rejestracja
3,wpisuje login:user email:user@gmail.com hasło:user33 i klikam przycisk zarejestruj się,pojawia się okno  informujące że podany login jest juz zajęty
STORY 3,,
STEPID,ACTION,EXPRECTED RESULT
1,"Wpisuje poprawny login i haslo, zaznaczam zapamietaj login i haslo i klikam zaloguj",Pojawia sie ekran glowny
2,Zamykam aplikacje,Widze appdrawer
3,Wlaczam aplikacje ponownie,Pojawia sie ekran glowny
,,
STEPID,ACTION,EXPRECTED RESULT
1,"Wpisuje niepoprawny login i haslo, zaznaczam zapamietaj login i haslo, i klikam zaloguj",pojawia sie informacja o zlym loginie lub hasle
,,
STEPID,ACTION,EXPRECTED RESULT
1,"Zostawiam puste pole loginu i hasla, zaznaczam zapamietaj login i haslo, i klikam zaloguj",pojawia sie informacja o zlym loginie lub hasle
STORY 4,,
STEPID,ACTION,EXPRECTED RESULT
1,włczam aplikacje,pojawia się  ekran logowania
2,"Wpisuje poprawny login i haslo, klikam zaloguj",Pojawia sie ekran glowny
,,
STEPID,ACTION,EXPRECTED RESULT
1,"Wpisuje w polu login hasło a w polu hało login, i klikam zaloguj",pojawia sie dialbox o zlym loginie lub hasle
,,
STEPID,ACTION,EXPRECTED RESULT
1,"Zostawiam puste pole loginu i hasla, i klikam zaloguj",pojawia sie informacja o zlym loginie lub hasle
,,
STEPID,ACTION,EXPRECTED RESULT
1,Włączam aplikacje,pojawia sę ekran logowania
2,Wpisuje login i zostawiam pole hasło puste,pojawia się dialogbox  z źle podanym hasłem lub mailem
,,
STEPID,ACTION,EXPRECTED RESULT
1,Włączam aplikacje,pojawia sę ekran logowania
2,Wpisuje login i zostawiam pole hasło puste,pojawia się dialogbox  z źle podanym hasłem lub mailem
,,
STEPID,ACTION,EXPRECTED RESULT
1,Włączam aplikacje,pojawia sę ekran logowania
2,wpisuje poprawny login i hasło i klikam zarejestruj się,pojawia się okno rejestracji
3,w telefonie klikam przycisk back,pojawia się okno logowania z pustymi polami login i hasło
STORY 5,,
,,
STEPID,ACTION,EXPRECTED RESULT
1,Włączam aplikacje,pojawia sę ekran logowania
2,klikam na przycisk zapomniałem hasła,pojawia się ekran do odzyskiwania hasła
3,wpisuje poprawny login i klikam wyślij,pojawia się dialogbox  z potwierdzeniem wysłania nowego hasła
4,klikam ok ,pojawia się okno logowania
,,
STEPID,ACTION,EXPRECTED RESULT
1,Włączam aplikacje,pojawia sę ekran logowania
2,klikam na przycisk zapomniałem hasła,pojawia się ekran do odzyskiwania hasła
3,wpisuje nie poprawny login i klikam wyślij,pojawia się dialogbox  z źle podanym hasłem
,,
STEPID,ACTION,EXPRECTED RESULT
1,Włączam aplikacje,pojawia sę ekran logowania
2,klikam na przycisk zapomniałem hasła,pojawia się ekran do odzyskiwania hasła
3,zostawiam pole login puste i klikam wyślij,pojawia się dialogbox  z źle podanym hasłem
,,
STEPID,ACTION,EXPRECTED RESULT
1,Włączam aplikacje,pojawia sę ekran logowania
2,klikam na przycisk zapomniałem hasła,pojawia się ekran do odzyskiwania hasła
3,wpisuje w oknie login adres mailowy i klikam wyślij,pojawia się dialogbox  z źle podanym hasłem
,,
STEPID,ACTION,EXPRECTED RESULT
1,Włączam aplikacje,pojawia sę ekran logowania
2,klikam na przycisk zapomniałem hasła,pojawia się ekran do odzyskiwania hasła
3,nie wpisuje żadnych danych i klikam przycisk wyślij,pojawia się dialogbox  z źle podanym hasłem
4,w telefonie klikam przycisk back,pojawa się ekran logowania
STORY 6,,
,,
STEPID,ACTION,EXPRECTED RESULT
1,Włączam aplikacje,pojawia sę ekran logowania
2,wpisuje poprawny login i hasło,pojawia sie ekran główny
3,klikam na przycisk menu,pojawia się menu główne
4,klikam na przycisk zmień hasło,pojawia sie ekran do zmiany hasła
5,wpisuje poprawne stare hasło oraz nowe hasło:abbbba i klikam wyślij,pojawia sie dialogbox potwierdzający zmiane hasła
6,klikam ok,pojawia sie menu główne
,,
STEPID,ACTION,EXPRECTED RESULT
1,Włączam aplikacje,pojawia sę ekran logowania
2,wpisuje poprawny login i hasło,pojawia sie ekran główny
3,klikam na przycisk menu,pojawia się menu główne
4,klikam na przycisk zmień hasło,pojawia sie ekran do zmiany hasła
5,wpisuje poprawne stare hasło oraz nowe hasło:andrzejek@op.pl i klikam wyślij,pojawia sie dialogbox z informacja o źle podanym haśle
,,
STEPID,ACTION,EXPRECTED RESULT
1,Włączam aplikacje,pojawia sę ekran logowania
2,wpisuje poprawny login i hasło,pojawia sie ekran główny
3,klikam na przycisk menu,pojawia się menu główne
4,klikam na przycisk ustawienia,"poajawia się ekran ustaiwń
"
5,klikam na przycisk zmień hasło,pojawia sie ekran do zmiany hasła
6,wpisuje poprawne takie samo nowe hasło i stare hasło i klikam wyślij,pojawia sie dialogbox z informacja że nowe hasło i stare są identyczne
,,
STEPID,ACTION,EXPRECTED RESULT
1,Włączam aplikacje,pojawia sę ekran logowania
2,wpisuje poprawny login i hasło,pojawia sie ekran główny
3,klikam na przycisk menu,pojawia się menu główne
4,klikam na przycisk ustawienia,"poajawia się ekran ustaiwń
"
5,klikam na przycisk zmień hasło,pojawia sie ekran do zmiany hasła
6,wpisuje nie poprawne stare hasło i nowe hasło i klkam wyślij,pojawia sie dialogbox z informacją o źle podanym haśle
,,
STEPID,ACTION,EXPRECTED RESULT
1,Włączam aplikacje,pojawia sę ekran logowania
2,wpisuje poprawny login i hasło,pojawia sie ekran główny
3,klikam na przycisk menu,pojawia się menu główne
4,klikam na przycisk ustawienia,"poajawia się ekran ustaiwń
"
5,klikam na przycisk zmień hasło,pojawia sie ekran do zmiany hasła
6,zostawiam puste pola nowe hasło i stare hasło i klikam wyślij,pojawia sie dialogbox z informacją o źle podanym haśle
,,
STEPID,ACTION,EXPRECTED RESULT
1,Włączam aplikacje,pojawia sę ekran logowania
2,wpisuje poprawny login i hasło,pojawia sie ekran główny
3,klikam na przycisk menu,pojawia się menu główne
4,klikam na przycisk ustawienia,"poajawia się ekran ustaiwń
"
5,klikam na przycisk zmień hasło,pojawia sie ekran do zmiany hasła
6,wpisuje poprawne stare hasło i zostawiam puste pole nowe hasło i klikam wyślij,pojawia sie dialogbox z informacją o źle podanym haśle
,,
STEPID,ACTION,EXPRECTED RESULT
1,Włączam aplikacje,pojawia sę ekran logowania
2,wpisuje poprawny login i hasło,pojawia sie ekran główny
3,klikam na przycisk menu,pojawia się menu główne
4,klikam na przycisk ustawienia,"poajawia się ekran ustaiwń
"
5,klikam na przycisk zmień hasło,pojawia sie ekran do zmiany hasła
6,zostawiam puste pole stare hasło i wpisuje nowe hasło i klikam wyślij,pojawia sie dialogbox z informacją o źle podanym haśle
STORY 7,,
,,
STEPID,ACTION,EXPRECTED RESULT
1,Włączam aplikacje,pojawia sę ekran logowania
2,wpisuje poprawny login i hasło,pojawia sie ekran główny
3,klikam na przycisk menu,pojawia się menu główne
4,klikam na przycisk wloguj się,pojawia sie ekran logowania
,,
STEPID,ACTION,EXPRECTED RESULT
1,Włączam aplikacje,pojawia sę ekran logowania
2,klikam zapamiętaj hasło wpisuje poprawny login i hasło,pojawia sie ekran główny
3,klikam na przycisk menu,pojawia się menu główne
4,klikam na przycisk wloguj się,pojawia sie ekran logowania z wypełnionymi polami login i hasło
5,klikam zaloguj,pojawia się ekran główny
,,
STEPID,ACTION,EXPRECTED RESULT
1,Włączam aplikacje,pojawia sę ekran logowania
2,klikam zapamiętaj hasło wpisuje poprawny login i hasło,pojawia sie ekran główny
3,klikam na przycisk menu,pojawia się menu główne
4,klikam na przycisk wloguj się,pojawia sie ekran logowania z wypełnionymi polami login i hasło
5,klikam zaloguj,pojawia się ekran główny
,,
STEPID,ACTION,EXPRECTED RESULT
1,Włączam aplikacje,pojawia sę ekran logowania
2,klikam zapamiętaj hasło wpisuje poprawny login i hasło,pojawia sie ekran główny
3,klikam na przycisk menu,pojawia się menu główne
4,klikam na przycisk ustwienia,pojawia sie ekran z ustawieniami
5,w telefonie klikam przycisk back,pojawia się menu główne
6,klikam na przycisk wloguj się,pojawia sie ekran logowania z wypełnionymi polami login i hasło
7,klikam zaloguj,pojawia się ekran główny
STORY 8,,
,,
STEPID,ACTION,EXPRECTED RESULT
1,Włączam aplikacje,pojawia sę ekran logowania
2,wpisuje poprawny login i hasło,pojawia sie ekran główny
3,klikam na przycisk menu,pojawia się menu główne
,,
STEPID,ACTION,EXPRECTED RESULT
1,Włączam aplikacje,pojawia sę ekran logowania
2,wpisuje poprawny login i hasło,pojawia sie ekran główny
3,klikam na przycisk menu,pojawia się menu główne
4,klikam na przycisk powrót,pojawia się ekran główny
,,
STEPID,ACTION,EXPRECTED RESULT
1,Włączam aplikacje,pojawia sę ekran logowania
2,wpisuje poprawny login i hasło,pojawia sie ekran główny
3,poruszam się po mapie,zmiana położenia olaz skali mapy z ekranu głównego
4,klikam na przycisk menu,pojawia się ekran główny
STORY 9,,
,,
STEPID,ACTION,EXPRECTED RESULT
1,Włączam aplikacje,pojawia sę ekran logowania
2,wpisuje poprawny login i hasło,pojawia sie ekran główny
3,klikam na przycisk menu,pojawia się menu główne
4,klikam na przycisk ustawienia,pojawia sie ekran z ustawieniami
,,
STEPID,ACTION,EXPRECTED RESULT
1,Włączam aplikacje,pojawia sę ekran logowania
2,wpisuje poprawny login i hasło,pojawia sie ekran główny
3,klikam na przycisk menu,pojawia się menu główne
4,klikam na przycisk ustawienia,pojawia sie ekran z ustawieniami
5,w telefonie klikam przycisk back,pojawia się menu główne
,,
STEPID,ACTION,EXPRECTED RESULT
1,Włączam aplikacje,pojawia sę ekran logowania
2,wpisuje poprawny login i hasło,pojawia sie ekran główny
3,klikam na przycisk menu,pojawia się menu główne
4,klikam na przycisk powrót,pojawia się ekran główny
5,poruszam się po mapie i klikam menu,pojawia się menu główne
6,klikam na przycisk ustawienia,pojawia się ekran z ustawieniami
,,
STEPID,ACTION,EXPRECTED RESULT
1,Włączam aplikacje,pojawia sę ekran logowania
2,wpisuje poprawny login i hasło,pojawia sie ekran główny
3,klikam na przycisk menu,pojawia się menu główne
4,klikam na przycisk znajmoi,pojawia się ekran ze znajomymi
5,w telefonie klikam na przycisk back,pojawia się menu główne
6,klikam na przycisk ustawienia,pojawia się ekran z ustawieniami
STORY 10,,
,,
STEPID,ACTION,EXPRECTED RESULT
1,Włączam aplikacje,pojawia sę ekran logowania
2,wpisuje poprawny login i hasło,pojawia sie ekran główny
3,klikam na przycisk menu,pojawia się menu główne
4,klikam na przycisk znajomi,pojawia sie ekran ze znajomymi
,,
STEPID,ACTION,EXPRECTED RESULT
1,Włączam aplikacje,pojawia sę ekran logowania
2,wpisuje poprawny login i hasło,pojawia sie ekran główny
3,klikam na przycisk menu,pojawia się menu główne
4,klikam na przycisk znajomi,pojawia sie ekran ze znajomymi
4,w telefonie klikam przycisk back,pojawia sie menu główne
,,
STEPID,ACTION,EXPRECTED RESULT
1,Włączam aplikacje,pojawia sę ekran logowania
2,wpisuje poprawny login i hasło,pojawia sie ekran główny
3,klikam na przycisk menu,pojawia się menu główne
4,klikam na przycisk powrót,pojawia się ekran główny
5,poruszam się po mapie i klikam menu,pojawia się menu główne
6,klikam na przycisk znajomi,pojawia się ekran ze znajomymi
,,
STEPID,ACTION,EXPRECTED RESULT
1,Włączam aplikacje,pojawia sę ekran logowania
2,wpisuje poprawny login i hasło,pojawia sie ekran główny
3,klikam na przycisk menu,pojawia się menu główne
4,klikam na przycisk ustawienia,pojawia sie ekran z ustawieniami
5,w telefonie klikam przycisk back,pojawia sie menu główne
6,klikam na przycisk znajomi,pojawia się ekran ze znajomymi
STORY 11,,
,,
STEPID,ACTION,EXPRECTED RESULT
1,Włączam aplikacje,pojawia sę ekran logowania
2,wpisuje poprawny login i hasło,pojawia sie ekran główny
3,klikam na przycisk menu,pojawia się menu główne
4,klikam na przycisk zaproszenia,pojawia sie ekran z zaproszeniami
,,
STEPID,ACTION,EXPRECTED RESULT
1,Włączam aplikacje,pojawia sę ekran logowania
2,wpisuje poprawny login i hasło,pojawia sie ekran główny
3,klikam na przycisk menu,pojawia się menu główne
4,klikam na przycisk zaproszenia,pojawia sie ekran z zaproszeniami
4,w telefonie klikam przycisk back,pojawia sie menu główne
,,
STEPID,ACTION,EXPRECTED RESULT
1,Włączam aplikacje,pojawia sę ekran logowania
2,wpisuje poprawny login i hasło,pojawia sie ekran główny
3,klikam na przycisk menu,pojawia się menu główne
4,klikam na przycisk about,pojawia sie ekran z informacjami o aplikacji
5,w telefonie klikam przycisk back,pojawia sie menu główne
6,klikam na przycisk zaproszenia,pojawia się ekran z zaproszeniami
,,
STEPID,ACTION,EXPRECTED RESULT
1,Włączam aplikacje,pojawia sę ekran logowania
2,wpisuje poprawny login i hasło,pojawia sie ekran główny
3,klikam na przycisk menu,pojawia się menu główne
4,klikam na przycisk ustawienia,pojawia sie ekran z ustawieniami
5,w telefonie klikam przycisk back,pojawia sie menu główne
6,klikam na przycisk zaproszenia,pojawia się ekran z zaproszeniami
,,
STEPID,ACTION,EXPRECTED RESULT
1,Włączam aplikacje,pojawia sę ekran logowania
2,wpisuje poprawny login i hasło,pojawia sie ekran główny
3,klikam na przycisk menu,pojawia się menu główne
4,klikam na przycisk powrót,pojawia się ekran główny
5,poruszam się po mapie i klikam menu,pojawia się menu główne
6,klikam na przycisk zaproszenia,pojawia się ekran z zaproszeniami
STORY 12,,
,,
STEPID,ACTION,EXPRECTED RESULT
1,Włączam aplikacje,pojawia sę ekran logowania
2,wpisuje poprawny login i hasło,pojawia sie ekran główny
3,klikam na przycisk menu,pojawia się menu główne
4,klikam na przycisk zaproszenia,pojawia sie ekran z zaproszeniami
5,klikam na zaproszenie,"wyświetlają mi się jeg dane oraz zapytanie ""Czy chcesz udostępnić mu swoją pozycje?"
6,klikam akceptuj,dodaje osobe do znajomych
,,
STEPID,ACTION,EXPRECTED RESULT
1,Włączam aplikacje,pojawia sę ekran logowania
2,wpisuje poprawny login i hasło,pojawia sie ekran główny
3,klikam na przycisk menu,pojawia się menu główne
4,klikam na przycisk zaproszenia,pojawia sie ekran z zaproszeniami
5,klikam na zaproszenia,"wyświetlają mi się jeg dane oraz zapytanie ""Czy chcesz udostępnić mu swoją pozycje?"
6,klikam odzruć,odzruca zaproszenie i usuwa je z listy
,,
STEPID,ACTION,EXPRECTED RESULT
1,Włączam aplikacje,pojawia sę ekran logowania
2,wpisuje poprawny login i hasło,pojawia sie ekran główny
3,klikam na przycisk menu,pojawia się menu główne
4,klikam na przycisk zaproszenia,pojawia sie ekran z zaproszeniami
5,klikam na zaproszenia,"wyświetlają mi się jeg dane oraz zapytanie ""Czy chcesz udostępnić mu swoją pozycje?"
6,klikam później,wraca do ekranu zaproszeń nic nie zmieniając
,,
STEPID,ACTION,EXPRECTED RESULT
1,Włączam aplikacje,pojawia sę ekran logowania
2,wpisuje poprawny login i hasło,pojawia sie ekran główny
3,klikam na przycisk menu,pojawia się menu główne
4,klikam na przycisk zaproszenia nie mając żadnych zaproszeń,pojawia sie ekran z informacją brak zaproszeń
,,
STEPID,ACTION,EXPRECTED RESULT
1,Włączam aplikacje,pojawia sę ekran logowania
2,wpisuje poprawny login i hasło,pojawia sie ekran główny
3,klikam na przycisk menu,pojawia się menu główne
4,klikam na przycisk ustawienia,pojawia sie ekran z ustawieniami
5,w telefonie klikam na przycisk back,pojawia się menu główne
6,klikam na zaproszenia,"wyświetlają mi się jeg dane oraz zapytanie ""Czy chcesz udostępnić mu swoją pozycje?"
7,klikam odzruć,odzruca zaproszenie i usuwa je z listy
,,
STEPID,ACTION,EXPRECTED RESULT
1,Włączam aplikacje,pojawia sę ekran logowania
2,wpisuje poprawny login i hasło,pojawia sie ekran główny
3,klikam na przycisk menu,pojawia się menu główne
4,klikam na przycisk ustawienia,pojawia sie ekran z ustawieniami
5,w telefonie klikam na przycisk back,pojawia się menu główne
6,klikam na przycisk znajomi,pojawia sie ekran ze znajomymi
7,w telefonie klikam na przycisk back,pojawia się menu główne
8,klikam na zaproszenia,"wyświetlają mi się jeg dane oraz zapytanie ""Czy chcesz udostępnić mu swoją pozycje?"
9,klikam odzruć,odzruca zaproszenie i usuwa je z listy
,,
,,
,,
,,
,,
,,
,,
STORY 22,,
,,
STEPID,ACTION,EXPRECTED RESULT
1,Klikam na przycisk Menu,Otwiera się Menu
2,Klikam na przycisk Znajomi,Otwiera się lista znajomych
3,Klikam na 1 znajomego,Pokazują się dane znajomego
4,Klikam przycisk Pokaż na mapie,Pokazuje znajomego na mapie
,,
STEPID,ACTION,EXPRECTED RESULT
1,Klikam na przycisk Menu,Otwiera się Menu
2,Klikam na przycisk Znajomi,Otwiera się lista znajomych
3,Klikam na 2 znajomego,Pokazują się dane znajomego
4,Klikam przycisk Pokaż na mapie,Pokazuje znajomego na mapie
,,
STORY 23,,
,,
STEPID,ACTION,EXPRECTED RESULT
1,Klikam przycisk Menu,Włącza się Menu
2,Klikam przycisk About,Włącza się Okno O Aplikacji
3,Klikam przycisk Wyślij Feedback,Pojawia się okno z polem tekstowym
4,Wypełniam pola Temat i Wiadomość i klikam wyślij,Ukazuje się informacja o wysłaniu Wiadomości
,,
STEPID,ACTION,EXPRECTED RESULT
1,Klikam przycisk Menu,Włącza się Menu
2,Klikam przycisk About,Włącza się Okno O Aplikacji
3,Klikam przycisk Wyślij Feedback,Pojawia się okno z polem tekstowym
4,Nie wypełniam pól i klikam wyślij,Ukazuje się informacja o zostawieniu pustych pól
,,
STEPID,ACTION,EXPRECTED RESULT
1,Klikam przycisk Menu,Włącza się Menu
2,Klikam przycisk About,Włącza się Okno O Aplikacji
3,Klikam przycisk Wyślij Feedback,Pojawia się okno z polem tekstowym
4,Nie wypełniam pola Temat i klikam wyślij,Ukazuje się informacja o zostawieniu pustych pól
,,
STEPID,ACTION,EXPRECTED RESULT
1,Klikam przycisk Menu,Włącza się Menu
2,Klikam przycisk About,Włącza się Okno O Aplikacji
3,Klikam przycisk Wyślij Feedback,Pojawia się okno z polem tekstowym
4,Nie wypełniam pola Wiadomość i klikam wyślij,Ukazuje się informacja o zostawieniu pustych pól
,,
STEPID,ACTION,EXPRECTED RESULT
1,Klikam przycisk Menu,Włącza się Menu
2,Klikam przycisk About,Włącza się Okno O Aplikacji
3,Klikam przycisk Wyślij Feedback,Pojawia się okno z polem tekstowym
4,Wypełniam pola samymi cyframi,Ukazuje się informacja o Błędnym wypełnieniu
,,
STORY 24,,
,,
STEPID,ACTION,EXPRECTED RESULT
1,Klikam Menu,Ukazuje się Menu
2,Klikam na Znajomi,Pojawia się lista znajomych
3,Wybieram znajomego numer 1,Pokazują się dane o znajomym
4,Klikam na jego numer telefonu,Android pyta jak dokończyć akcję
5,Wybieram telefon ,Dzwonię do znajomego numer 1
,,
STEPID,ACTION,EXPRECTED RESULT
1,Klikam Menu,Ukazuje się Menu
2,Klikam na Znajomi,Pojawia się lista znajomych
3,Wybieram znajomego numer 2,Pokazują się dane o znajomym
4,Klikam na jego numer telefonu,Android pyta jak dokończyć akcję
5,Wybieram telefon ,Dzwonię do znajomego numer 2
,,
STEPID,ACTION,EXPRECTED RESULT
1,Klikam Menu,Ukazuje się Menu
2,Klikam na Znajomi,Pojawia się lista znajomych
3,Wybieram znajomego numer 3,Pokazują się dane o znajomym
4,Klikam na jego numer telefonu,Android pyta jak dokończyć akcję
5,Wybieram telefon ,Dzwonię do znajomego numer 3
,,
STEPID,ACTION,EXPRECTED RESULT
1,Klikam Menu,Ukazuje się Menu
2,Klikam na Znajomi,Pojawia się lista znajomych
3,Wybieram znajomego numer 4,Pokazują się dane o znajomym
4,Klikam na jego numer telefonu,Android pyta jak dokończyć akcję
5,Wybieram telefon ,Dzwonię do znajomego numer 4
,,
STEPID,ACTION,EXPRECTED RESULT
1,Klikam Menu,Ukazuje się Menu
2,Klikam na Znajomi,Pojawia się lista znajomych
3,Wybieram znajomego numer 5,Pokazują się dane o znajomym
4,Klikam na jego numer telefonu,Android pyta jak dokończyć akcję
5,Wybieram telefon ,Dzwonię do znajomego numer 5
,,
STORY 25,,
,,
STEPID,ACTION,EXPRECTED RESULT
1,Wykonuję na mapie gest rozszeżenia dwoma palcami,Mapa powiększa się (jej precyzja wzrasta)
,,
STEPID,ACTION,EXPRECTED RESULT
1,Wykonuję na menu gest rozszeżania,Wygląd interfejsu nie ulega zmianie
,,
STEPID,ACTION,EXPRECTED RESULT
1,Wykonuję na mapie gest rozszeżenia trzema palcami,Mapa powiększa się (jej precyzja wzrasta)
,,
STEPID,ACTION,EXPRECTED RESULT
1,Wykonuję na mapie gest rozszeżenia czterema palcami,Mapa powiększa się (jej precyzja wzrasta)
,,
STEPID,ACTION,EXPRECTED RESULT
1,Wykonuję na mapie gest rozszeżenia pięcioma palcami,Mapa powiększa się (jej precyzja wzrasta)
,,
STORY 26,,
,,
STEPID,ACTION,EXPRECTED RESULT
1,Dotykam jednym palcem na mapę i przesuwam w dowolnym kierunku,Mapa przesuwa się we wskazanym kierunku
,,
STEPID,ACTION,EXPRECTED RESULT
1,Dotykam dwoma palcami na mapę i przesuwam w dowolnym kierunku,Mapa przesuwa się we wskazanym kierunku
,,
STEPID,ACTION,EXPRECTED RESULT
1,Dotykam trzema palcami na mapę i przesuwam w dowolnym kierunku,Mapa przesuwa się we wskazanym kierunku
,,
STEPID,ACTION,EXPRECTED RESULT
1,Dotykam czterema palcami na mapę i przesuwam w dowolnym kierunku,Mapa przesuwa się we wskazanym kierunku
,,
STEPID,ACTION,EXPRECTED RESULT
1,Dotykam pięcioma palcami na mapę i przesuwam w dowolnym kierunku,Mapa przesuwa się we wskazanym kierunku
,,
STORY 27,,
,,
STEPID,ACTION,EXPRECTED RESULT
1,Klikam na przycisk Warstwy,Ukazuje się lista możliwych widoków
2,Wybieram widok Satelitarny,Mapa zmienia wygląd na satelitarny
3,Wyłączam program ,Program się zamyka
4,Włączam program od nowa,Program uruchamia sie
5,Loguję się,Pokazuje się mapa z zapisanym widokiem satelitarnym
,,
STEPID,ACTION,EXPRECTED RESULT
1,Klikam na przycisk Warstwy,Ukazuje się lista możliwych widoków
2,Wybieram widok Ruchu,Mapa zmienia wygląd na widok ruchu
3,Wyłączam program ,Program się zamyka
4,Włączam program od nowa,Program uruchamia sie
5,Loguję się,Pokazuje się mapa z zapisanym widokiem ruchu
,,
STEPID,ACTION,EXPRECTED RESULT
1,Klikam na przycisk Warstwy,Ukazuje się lista możliwych widoków
2,Wybieram widok Terenu,Mapa zmienia wygląd na widok terenu
3,Wyłączam program ,Program się zamyka
4,Włączam program od nowa,Program uruchamia sie
5,Loguję się,Pokazuje się mapa z zapisanym widokiem terenu
,,
STEPID,ACTION,EXPRECTED RESULT
1,Klikam na przycisk Warstwy,Ukazuje się lista możliwych widoków
2,Wybieram widok Linii komunikacyjnych,Mapa zmienia wygląd na widok linii komunikacyjnych
3,Wyłączam program ,Program się zamyka
4,Włączam program od nowa,Program uruchamia sie
5,Loguję się,Pokazuje się mapa z zapisanym widokiem linii komunikacyjnych
,,
STEPID,ACTION,EXPRECTED RESULT
1,Klikam na przycisk Warstwy,Ukazuje się lista możliwych widoków
2,Wybieram widok Wikipedii,Mapa zmienia wygląd na widok wikipedii
3,Wyłączam program ,Program się zamyka
4,Włączam program od nowa,Program uruchamia sie
5,Loguję się,Pokazuje się mapa z zapisanym widokiem wikipedii
,,
STORY 28,,
,,
STEPID,ACTION,EXPRECTED RESULT
1,Wchodzę do menu,Ukazuje się menu
2,Klikam na Pomoc,Ukazuje mi się formularz pomocy
3,"Wybieram opcję ""Jak dodać znajomego?""",Ukazuje się tekst pomocy na temat dodawania znajomego
,,
STEPID,ACTION,EXPRECTED RESULT
1,Wchodzę do menu,Ukazuje się menu
2,Klikam na Pomoc,Ukazuje mi się formularz pomocy
3,"Wybieram opcję ""Jak się wylogować?""",Ukazuje się tekst pomocy na temat wylogowywania
,,
STEPID,ACTION,EXPRECTED RESULT
1,Wchodzę do menu,Ukazuje się menu
2,Klikam na Pomoc,Ukazuje mi się formularz pomocy
3,"Wybieram opcję ""Jak wyjść z programu?""",Ukazuje się tekst pomocy na temat wyłączania programu
,,
STEPID,ACTION,EXPRECTED RESULT
1,Wchodzę do menu,Ukazuje się menu
2,Klikam na Pomoc,Ukazuje mi się formularz pomocy
3,"Wybieram opcję ""Jak zmienić hasło?""",Ukazuje się tekst pomocy na temat zmiany hasła
,,
STEPID,ACTION,EXPRECTED RESULT
1,Wchodzę do menu,Ukazuje się menu
2,Klikam na Pomoc,Ukazuje mi się formularz pomocy
3,"Wybieram opcję ""Jak usunąć znajomego?""",Ukazuje się tekst pomocy na temat usuwania znajomego
,,
STORY 29,,
,,
STEPID,ACTION,EXPRECTED RESULT
1,Klikam na wskazówkę kompasu znajdującą się na mapie,Mapa wraca do domyślnego położenia z północą na górze
,,
STEPID,ACTION,EXPRECTED RESULT
1,Dotykam ekran dwoma palcami i obracam w dowolnym kierunku,Mapa obraca się w kierunku palców
,,
STEPID,ACTION,EXPRECTED RESULT
1,Dotykam ekran pięcioma palcami i obracam w dowolnym kierunku,Mapa obraca się w kierunku palców
,,
STEPID,ACTION,EXPRECTED RESULT
1,Dotykam ekran trzema palcami i obracam w dowolnym kierunku,Mapa obraca się w kierunku palców
,,
STEPID,ACTION,EXPRECTED RESULT
1,Dotykam ekran czterema palcami i obracam w dowolnym kierunku,Mapa obraca się w kierunku palców
,,
STORY 30,,
,,
STEPID,ACTION,EXPRECTED RESULT
1,Wykonuję na mapie gest szczypania dwoma palcami,Mapa powiększa się (jej precyzja wzrasta)
,,
STEPID,ACTION,EXPRECTED RESULT
1,Wykonuję na menu gest szczypania,Wygląd interfejsu nie ulega zmianie
,,
STEPID,ACTION,EXPRECTED RESULT
1,Wykonuję na mapie gest szczypania trzema palcami,Mapa powiększa się (jej precyzja wzrasta)
,,
STEPID,ACTION,EXPRECTED RESULT
1,Wykonuję na mapie gest szczypania czterema palcami,Mapa powiększa się (jej precyzja wzrasta)
,,
STEPID,ACTION,EXPRECTED RESULT
1,Wykonuję na mapie gest szczypania pięcioma palcami,Mapa powiększa się (jej precyzja wzrasta)
,,
Story 13,,
,,
STEPID,ACTION,EXPRECTED RESULT
1,Włączam aplikacje,pojawia sę ekran logowania
2,wpisuje poprawny login i hasło,pojawia sie ekran główny
3,Otwiera menu przyciskiem na głównym ekranie,pojawia się menu główne
4,Klikam przycisk Wyjdź,Aplikacja zamyka się
,,
,,
STEPID,ACTION,EXPRECTED RESULT
1,Włączam aplikacje,pojawia sę ekran logowania
2,wpisuje poprawny login i hasło,pojawia sie ekran główny
3,Otwiera menu przyciskiem na głównym ekranie,pojawia się menu główne
4,Klikam przycisk Ustawienia,Otwiera sie menu ustawień
5,Klikam przycisk wróć,Pojawia się menu główne
6,Klikam przycisk Wyjdź,Aplikacja zamyka się
,,
,,
STEPID,ACTION,EXPRECTED RESULT
1,Włączam aplikacje,pojawia sę ekran logowania
2,wpisuje poprawny login i hasło,pojawia sie ekran główny
3,Otwiera menu przyciskiem na głównym ekranie,pojawia się menu główne
4,Klikam przycisk Wyjdź,Aplikacja zamyka się
,,
,,
STEPID,ACTION,EXPRECTED RESULT
1,Włączam aplikacje,pojawia sę ekran logowania
2,wpisuje poprawny login i hasło,pojawia sie ekran główny
3,Otwiera menu przyciskiem na głównym ekranie,pojawia się menu główne
4,Klikam przycisk Wyjdź,Aplikacja zamyka się
,,
,,
STEPID,ACTION,EXPRECTED RESULT
1,Włączam aplikacje,pojawia sę ekran logowania
2,wpisuje poprawny login i hasło,pojawia sie ekran główny
3,Otwiera menu przyciskiem na głównym ekranie,pojawia się menu główne
4,Klikam przycisk Wyjdź,Aplikacja zamyka się
,,
STEPID,ACTION,EXPRECTED RESULT
1,Włączam aplikacje,pojawia sę ekran logowania
2,wpisuje poprawny login i hasło,pojawia sie ekran główny
3,Otwiera menu przyciskiem na głównym ekranie,pojawia się menu główne
4,Klikam przycisk znajomi,pojawia się menu znajomych
5,Klikam przycisk Powrót,Wraca do menu głownego
6,Klikam przycisk Wyjdź,Aplikacja zamyka się
,,
,,
,,
,,
,,
,,
,,
,,
,,
,,
,,
,,
,,
,,
,,
,,
,,
Story 14,,
STEPID,ACTION,EXPRECTED RESULT
1,Włączam aplikacje,pojawia sę ekran logowania
2,wpisuje poprawny login i hasło,pojawia sie ekran główny
3,Klikam przycisk Znajomi na górze ekranu,Pojawia sie lista znajomych
4,Wybieram znajomego nr 1 od góry,Pokazuję mape z lokalizacja znajomego
,,
STEPID,ACTION,EXPRECTED RESULT
1,Włączam aplikacje,pojawia sę ekran logowania
2,wpisuje poprawny login i hasło,pojawia sie ekran główny
3,Klikam przycisk Znajomi na górze ekranu,Pojawia sie PUSTA lista znajomych
,,
,,
STEPID,ACTION,EXPRECTED RESULT
1,Włączam aplikacje,pojawia sę ekran logowania
2,wpisuje poprawny login i hasło,pojawia sie ekran główny
3,Klikam przycisk Znajomi na górze ekranu,Pojawia sie lista znajomych
4,Wybieram znajomego nr 2 od góry,Pokazuję mape z lokalizacja znajomego
,,
STEPID,ACTION,EXPRECTED RESULT
1,Włączam aplikacje,pojawia sę ekran logowania
2,wpisuje poprawny login i hasło,pojawia sie ekran główny
3,Klikam przycisk Znajomi na górze ekranu,Pojawia sie lista znajomych
4,Wybieram znajomego nr 3 od góry,Pokazuję mape z lokalizacja znajomego
,,
STEPID,ACTION,EXPRECTED RESULT
1,Włączam aplikacje,pojawia sę ekran logowania
2,wpisuje poprawny login i hasło,pojawia sie ekran główny
3,Klikam przycisk Znajomi na górze ekranu,Pojawia sie lista znajomych
4,Wybieram znajomego nr 1 od dołu listy,Pokazuję mape z lokalizacja znajomego
,,
Story 15,,
STEPID,ACTION,EXPRECTED RESULT
1,Włączam aplikacje,pojawia sę ekran logowania
2,wpisuje poprawny login i hasło,pojawia sie ekran główny
3,Klikam przycisk Znajomi na górze ekranu,Pojawia sie lista znajomych
4,Wybieram znajomego nr 1 od góry,Pokazuję mape z lokalizacja znajomego
5,Klikam na dymek z informacjami,Ukazują się informacje
,,
STEPID,ACTION,EXPRECTED RESULT
1,Włączam aplikacje,pojawia sę ekran logowania
2,wpisuje poprawny login i hasło,pojawia sie ekran główny
3,Klikam przycisk Znajomi na górze ekranu,Pojawia sie lista znajomych
4,Wybieram znajomego nr 5 od góry,Pojawia się mapa z lokalizacją znajomego
5,Klikam na dymek z informacjami,Ukazują się informacje
,,
STEPID,ACTION,EXPRECTED RESULT
1,Włączam aplikacje,pojawia sę ekran logowania
2,wpisuje poprawny login i hasło,pojawia sie ekran główny
3,Klikam przycisk Znajomi na górze ekranu,Pojawia sie lista znajomych
4,Wybieram znajomego nr 2 od góry,Pokazuję mape z lokalizacja znajomego
5,Klikam na dymek z informacjami,Ukazują się informacje
,,
STEPID,ACTION,EXPRECTED RESULT
1,Włączam aplikacje,pojawia sę ekran logowania
2,wpisuje poprawny login i hasło,pojawia sie ekran główny
3,Klikam przycisk Znajomi na górze ekranu,Pojawia sie lista znajomych
4,Wybieram znajomego nr 3 od góry,Pokazuję mape z lokalizacja znajomego
5,Klikam na dymek z informacjami,Ukazują się informacje
,,
STEPID,ACTION,EXPRECTED RESULT
1,Włączam aplikacje,pojawia sę ekran logowania
2,wpisuje poprawny login i hasło,pojawia sie ekran główny
3,Klikam przycisk Znajomi na górze ekranu,Pojawia sie lista znajomych
4,Wybieram znajomego nr 1 od dołu listy,Pokazuję mape z lokalizacja znajomego
5,Klikam na dymek z informacjami,Ukazują się informacje
,,
Story 16,,
STEPID,ACTION,EXPRECTED RESULT
1,Włączam aplikacje,pojawia sę ekran logowania
2,wpisuje poprawny login i hasło,pojawia sie ekran główny
3,Klikam przycisk Znajomi na górze ekranu,Pojawia sie lista znajomych
4,Wybieram znajomego nr 1 od góry,Pokazuję mape z lokalizacja znajomego
,,
,,
STEPID,ACTION,EXPRECTED RESULT
1,Włączam aplikacje,pojawia sę ekran logowania
2,wpisuje poprawny login i hasło,pojawia sie ekran główny
3,Klikam przycisk Znajomi na górze ekranu,Pojawia sie lista znajomych
4,Wybieram znajomego nr 2 od góry,Pokazuję mape z lokalizacja znajomego
,,
,,
STEPID,ACTION,EXPRECTED RESULT
1,Włączam aplikacje,pojawia sę ekran logowania
2,wpisuje poprawny login i hasło,pojawia sie ekran główny
3,Klikam przycisk Znajomi na górze ekranu,Pojawia sie lista znajomych
4,Wybieram znajomego nr2 od góry,Pokazuję mape z lokalizacja znajomego
5,Klikam na dymek z informacjami,Ukazują się informacje
,,
STEPID,ACTION,EXPRECTED RESULT
1,Włączam aplikacje,pojawia sę ekran logowania
2,wpisuje poprawny login i hasło,pojawia sie ekran główny
3,Klikam przycisk Znajomi na górze ekranu,Pojawia sie lista znajomych
4,Wybieram znajomego nr 3 od góry,Dymek z informacją – brak lokalizacji
,,
,,
STEPID,ACTION,EXPRECTED RESULT
1,Włączam aplikacje,pojawia sę ekran logowania
2,wpisuje poprawny login i hasło,pojawia sie ekran główny
3,Klikam przycisk Znajomi na górze ekranu,Pojawia sie lista znajomych
4,Wybieram znajomego nr 4 od góry,Pokazuję mape z lokalizacja znajmegoo
,,
Story 17,,
STEPID,ACTION,EXPRECTED RESULT
1,Włączam aplikacje,pojawia sę ekran logowania
2,wpisuje poprawny login i hasło,pojawia sie ekran główny
3,Klikam przycisk „Moja lokalizacja” w rogu ekranu,Pokazuję mape z moją lokalizacją
,,
STEPID,ACTION,EXPRECTED RESULT
1,Włączam aplikacje,pojawia sę ekran logowania
2,wpisuje poprawny login i hasło,pojawia sie ekran główny
3,Klikam przycisk Menu,Pojawia sie Menu
4,Klikam na przycisk Powrót,Pojawia się Ekran główny
5,Klikam przycisk „Moja lokalizacja” w rogu ekranu,Pokazuję mape z moją lokalizacją
,,
STEPID,ACTION,EXPRECTED RESULT
1,Włączam aplikacje,pojawia sę ekran logowania
2,wpisuje poprawny login i hasło,pojawia sie ekran główny
3,Klikam przycisk Znajomi,Pojawia sie menu znajomych
4,Klikam na przycisk Powrót,Pojawia się Ekran główny
5,Klikam przycisk „Moja lokalizacja” w rogu ekranu,Pokazuję mape z moją lokalizacją
,,
STEPID,ACTION,EXPRECTED RESULT
1,Włączam aplikacje,pojawia sę ekran logowania
2,wpisuje poprawny login i hasło,pojawia sie ekran główny
3,Klikam przycisk Menu,Pojawia sie Menu
4,Klikam na przycisk About,Pojawia się okno z informacjami
5,Klikam na przycisk Powrót,Pojawia się menu główne
6,Klikam na przycisk Powrót,Pojawia sie ekran główny
7,Klikam przycisk „Moja lokalizacja” w rogu ekranu,Pokazuję mape z moją lokalizacją
,,
STEPID,ACTION,EXPRECTED RESULT
1,Włączam aplikacje,pojawia sę ekran logowania
2,wpisuje poprawny login i hasło,pojawia sie ekran główny
3,Klikam na przycisk Menu,pojawia się menu główne
4,Klikam na przycisk Pomoc,Pojawia się okno z informacjami
5,Klikam na przycisk Powrót,Pojawia się menu główne
6,Klikam na przycisk Powrót,Pojawia sie ekran główny
7,Klikam przycisk „Moja lokalizacja” w rogu ekranu,Pokazuję mape z moją lokalizacją
,,
,,
Story 18,,
STEPID,ACTION,EXPRECTED RESULT
1,Włączam aplikacje,pojawia sę ekran logowania
2,wpisuje poprawny login i hasło,pojawia sie ekran główny
4,Klikam na przycisk Menu,Pojawia się menu główne
5,Klikam na przycisk Ustawienia,Pojawia się menu ustawień
6,Klikam na przycisk Zmień Email,Pojawia sie ekran zmiany email
7,Wpisuje „Ala ma kota” i klikam ok,Pojawia się komunikat „Niepoprawny email”
,,
STEPID,ACTION,EXPRECTED RESULT
1,Włączam aplikacje,pojawia sę ekran logowania
2,wpisuje poprawny login i hasło,pojawia sie ekran główny
4,Klikam na przycisk Menu,Pojawia się menu główne
5,Klikam na przycisk Ustawienia,Pojawia się menu ustawień
6,Klikam na przycisk Zmień Email,Pojawia sie ekran zmiany email
7,Wpisuje „patryk@fuhrman.pl” i klikam ok,Pojawia się komunikat „Został wysłany email.”
8,Klikam ok,Przenosi do ekranu głownego
,,
STEPID,ACTION,EXPRECTED RESULT
1,Włączam aplikacje,pojawia sę ekran logowania
2,wpisuje poprawny login i hasło,pojawia sie ekran główny
4,Klikam na przycisk Menu,Pojawia się menu główne
5,Klikam na przycisk Ustawienia,Pojawia się menu ustawień
6,Klikam na przycisk Zmień Email,Pojawia sie ekran zmiany email
7,Wpisuje „sdlkj;afsl” i klikam ok,Pojawia się komunikat „Niepoprawny email”
,,
STEPID,ACTION,EXPRECTED RESULT
1,Włączam aplikacje,pojawia sę ekran logowania
2,wpisuje poprawny login i hasło,pojawia sie ekran główny
4,Klikam na przycisk Menu,Pojawia się menu główne
5,Klikam na przycisk Ustawienia,Pojawia się menu ustawień
6,Klikam na przycisk Zmień Email,Pojawia sie ekran zmiany email
7,Wpisuje „; DROP DATABASE users;” i klikam ok,Pojawia się komunikat „Niepoprawny email”
,,
STEPID,ACTION,EXPRECTED RESULT
1,Włączam aplikacje,pojawia sę ekran logowania
2,wpisuje poprawny login i hasło,pojawia sie ekran główny
4,Klikam na przycisk Menu,Pojawia się menu główne
5,Klikam na przycisk Ustawienia,Pojawia się menu ustawień
6,Klikam na przycisk Zmień Email,Pojawia sie ekran zmiany email
7,Wpisuje „+48790545768” i klikam ok,Pojawia się komunikat „Niepoprawny email”
,,
Story 19,,
STEPID,ACTION,EXPRECTED RESULT
1,Włączam aplikacje,pojawia sę ekran logowania
2,wpisuje poprawny login i hasło,pojawia sie ekran główny
3,Klikam na przycisk Znajomi,Pojawia się Lista znajomych
,,
STEPID,ACTION,EXPRECTED RESULT
1,Włączam aplikacje,pojawia sę ekran logowania
2,wpisuje poprawny login i hasło,pojawia sie ekran główny
3,Klikam na przycisk Menu,Pojawia się menu głowne
4,Klikam na przycisk Wróć,Pojawia się ekran główny
5,Klikam na przycisk Znajomi,Pojawia się Lista znajomych
,,
STEPID,ACTION,EXPRECTED RESULT
1,Włączam aplikacje,pojawia sę ekran logowania
2,wpisuje poprawny login i hasło,pojawia sie ekran główny
3,Klikam na przycisk „Moja lokalizacja”,Mapa przenosi się na moją lokalizację
4,Klikam na przycisk Znajomi,Pojawia się Lista znajomych
,,
,,
STEPID,ACTION,EXPRECTED RESULT
1,Włączam aplikacje,pojawia sę ekran logowania
2,wpisuje poprawny login i hasło,pojawia sie ekran główny
4,Klikam na przycisk Menu,Pojawia się menu głowne
5,Klikam na przycisk Wróć,Pojawia się ekran główny
6,Klikam na przycisk Znajomi,Pojawia się Lista znajomych
,,
STEPID,ACTION,EXPRECTED RESULT
1,Włączam aplikacje,pojawia sę ekran logowania
2,wpisuje poprawny login i hasło,pojawia sie ekran główny
4,Klikam na przycisk Menu,Pojawia się menu głowne
5,Klikam na przycisk „About”,Pojawiają się informacje o programie
6,Klikam na przycisk Wróć,Pojawia się menu głowne
5,Klikam na przycisk Wróć,Pojawia się ekran główny
6,Klikam na przycisk Znajomi,Pojawia się Lista znajomych
,,
Story 20,,
STEPID,ACTION,EXPRECTED RESULT
1,Włączam aplikacje,pojawia sę ekran logowania
2,wpisuje poprawny login i hasło,pojawia sie ekran główny
3,Klikam na przycisk Menu,Pojawia się menu głowne
4,Klikam na przycisk Ustawienia,Pojawia się menu ustawień
5,Klikam na przycisk Częstotliwość aktualizacji,Pojawia się lista z opcjami
6,Wybieram opcje 30sek i klikam ok,Pojawia się menu ustawień
STEPID,ACTION,EXPRECTED RESULT
1,Włączam aplikacje,pojawia sę ekran logowania
2,wpisuje poprawny login i hasło,pojawia sie ekran główny
3,Klikam na przycisk Menu,Pojawia się menu głowne
4,Klikam na przycisk Ustawienia,Pojawia się menu ustawień
5,Klikam na przycisk Częstotliwość aktualizacji,Pojawia się lista z opcjami
6,Wybieram opcje 1min i klikam ok,Pojawia się menu ustawień
STEPID,ACTION,EXPRECTED RESULT
1,Włączam aplikacje,pojawia sę ekran logowania
2,wpisuje poprawny login i hasło,pojawia sie ekran główny
3,Klikam na przycisk Menu,Pojawia się menu głowne
4,Klikam na przycisk Ustawienia,Pojawia się menu ustawień
5,Klikam na przycisk Częstotliwość aktualizacji,Pojawia się lista z opcjami
6,Wybieram opcje 3min i klikam ok,Pojawia się menu ustawień
STEPID,ACTION,EXPRECTED RESULT
1,Włączam aplikacje,pojawia sę ekran logowania
2,wpisuje poprawny login i hasło,pojawia sie ekran główny
3,Klikam na przycisk Menu,Pojawia się menu głowne
4,Klikam na przycisk Ustawienia,Pojawia się menu ustawień
5,Klikam na przycisk Częstotliwość aktualizacji,Pojawia się lista z opcjami
6,Klikam ok,Pojawia się menu ustawień
STEPID,ACTION,EXPRECTED RESULT
1,Włączam aplikacje,pojawia sę ekran logowania
2,wpisuje poprawny login i hasło,pojawia sie ekran główny
3,Klikam na przycisk Menu,Pojawia się menu głowne
4,Klikam na przycisk Znajomi,Pojawia się lista znajomych
5,Klikam na przycisk wróć,Pojawia się menu główne
6,Klikam na przycisk Ustawienia,Pojawia się menu ustawień
7,Klikam na przycisk Częstotliwość aktualizacji,Pojawia się lista z opcjami
8,Wybieram opcje 3min i klikam ok,Pojawia się menu ustawień
,,
,,
Story 21,,
STEPID,ACTION,EXPRECTED RESULT
1,Włączam aplikacje,pojawia sę ekran logowania
2,wpisuje poprawny login i hasło,pojawia sie ekran główny
3,Klikam na przycisk Menu,Pojawia się menu głowne
4,Klikam na przycisk About,Pojawia się informacja o programie
,,
,,
STEPID,ACTION,EXPRECTED RESULT
1,Włączam aplikacje,pojawia sę ekran logowania
2,wpisuje poprawny login i hasło,pojawia sie ekran główny
3,Klikam na przycisk Menu,Pojawia się menu głowne
4,Klikam na przycisk Ustawienia,Pojawia się menu ustawień
5,Klikam na przycisk „Powrót”,Pojawia się menu główne
6,Klikam na przycisk About,Pojawia się informacja o programie
STEPID,ACTION,EXPRECTED RESULT
1,Włączam aplikacje,pojawia sę ekran logowania
2,wpisuje poprawny login i hasło,pojawia sie ekran główny
3,Klikam na przycisk Menu,Pojawia się menu głowne
4,Klikam na przycisk Znajomi,Pojawia się lista znajomych
5,Klikam na przycisk „Powrót”,Pojawia się menu główne
6,Klikam na przycisk About,Pojawia się informacja o programie
STEPID,ACTION,EXPRECTED RESULT
1,Włączam aplikacje,pojawia sę ekran logowania
2,wpisuje poprawny login i hasło,pojawia sie ekran główny
3,Klikam na przycisk Menu,Pojawia się menu głowne
4,Klikam na przycisk Zaproszenia,Pojawia się lista zaproszeń
5,Klikam na przycisk „Powrót”,Pojawia się menu główne
6,Klikam na przycisk About,Pojawia się informacja o programie
STEPID,ACTION,EXPRECTED RESULT
1,Włączam aplikacje,pojawia sę ekran logowania
2,wpisuje poprawny login i hasło,pojawia sie ekran główny
3,Klikam na przycisk Menu,Pojawia się menu głowne
4,Klikam na przycisk Pomoc,Pojawia się informacje o pomocy
5,Klikam na przycisk „Powrót”,Pojawia się menu główne
6,Klikam na przycisk About,Pojawia się informacja o programie